following,answers_number,last_answers,description,title
0,"
25
","

o youtube √© uma boa

,

Youtube.

Fa√ßa v√≠deos de amoeba e de invasores olhando no que deu e encha de an√∫ncios.

,

programas de afilia√ß√£o

,

Ent√£o.

Indico que voc√™ assista ao v√≠deo atrav√©s do link que vou te passar. Se trata de um curso completo que te ensina desde o come√ßo como montar seu primeiro projeto na internet e remunerar come√ßando do zero!! √â o curso online Dinheiro com Blog Autom√°tico

Acesse: https://bit.ly/lucrocomseublogonline

,

invista em futebol. ou invista em a√ß√µes online

,

o segredo √© que n√£o h√° segredo

,

jogos pela net

,

a¬¥pstas online

,

cassino online

","
quero saber o segredo por tr√°s dos altos ganhos na internet.
","
Como ganhar uns 8 mil reais por m√™s na internet?
"
"
1
","
6
","

.

,

Aguardavam.
A primeira profecia da b√≠blia apontava para um Messias. (G√™nesis 3:15)

,

z

,

Busco o improv√°vel, mas nunca o imposs√≠vel. Sei que ai em algum lugar do nosso planeta tem algu√©m me esperando e se esse algu√©m for como eu vai parar de esperar e come√ßar a procurar at√© que um dia n√≥s iremos nos encontrar e fechar um ciclo pra come√ßar um novo e muito melhor para n√≥s e os que tiverem o privil√©gio de estar ao nosso lado.

Sou fadado a, mesmo enquanto caminho na companhia de dois homens quaisquer, aprender com eles. Imito as qualidades de um; os defeitos do outro, corrijo-os em mim mesmo.

,

onde encontrar evid√™ncias hist√≥ricas disso?

,

Sim.

Os hebreus at√© hoje cultuam um Messias

O anjo ca√≠do malek Tawse, Moloch.


http://www.efatah.com/povos-e-tribos/cur...


Hebreus era o povo do reino Mitani


http://dicionario.sensagent.com/HURRITAS...


Eles estiveram na coaliz√£o Hicso que governou o Baixo Egito por 250 anos.


https://prewrathresources.files.wordpres...


","
","
Antes da Escravid√£o Babil√¥nica, e de terem absorvido as cren√ßas babil√¥nicas, os hebreus n√£o aguardavam a vida de um suposto Messias?
"
0,"
6
","

De novo vc?

Quer aten√ß√£o, √©???


Parece mais um viad.inho que gosta de morder fronha.

,

Lembra

,

√ë

,

Me lembra alguem que vou ficar longe quando estiver passando na rua, com essa cara de assaltante

,

Parece um nordestino kk

","
","
Lembro um pouco os bolivianos?
"
0,"
5
","

As tartarugas podem viver entre 50 e 80 anos, em m√©dia, dependendo da esp√©cie, como o jabuti-piranga (tipo terrestre mais conhecido do Brasil) e a tartaruga marinha, respectivamente. Alguns r√©pteis origin√°rios das Ilhas Gal√°pagos (no Oceano Pac√≠fico), por exemplo, podem chegar at√© os 170 anos.

,

mais de 150

,

M√°ximo 200 anos

,

MAIS DE 8 MIL!!!!

,

Na pr√°tica de 80 a 100 e infelizmente as de cativeiro vivem mais por estarem protegidas l√° no Projeto TAMAR.

","
","
Quantos anos vive uma tartaruga marinha?
"
0,"
4
","

acho que era um sapar√©, ou um jacarapo, j√° vi um desses tamb√©m.

,

Alucina√ßao

,

Jfjfjfj

","
Galera, uma vez h√° muitos anos atr√°s estava chovendo a noite, a√≠ tinha um banco que ficava em frente da minha casa e quando eu fui olhar em baixo do banco eu vi um Sapo enorme ele era maior que minha m√£o bem aberta!! E o mais estranho de tudo era que ele tinha garras nas patas, era preto e cascudo (parecia at√© um jacar√©) que esp√©cie seria essa?? J√° pesquisei e nunca achei nada sobre nenhuma esp√©cie de sapo assim.
","
Existe alguma esp√©cie de sapo que tenha garras?
"
0,"
4
","

....

,

2 PONTOS

‚òÜ‚îå‚îÄ‚îê„ÄÄ‚îÄ‚îê‚òÜ

‚îÇ‚ñí‚îÇ /‚ñí/

‚îÇ‚ñí‚îÇ/‚ñí/

‚îÇ‚ñí /‚ñí/‚îÄ‚î¨‚îÄ‚îê

‚îÇ‚ñí‚îÇ‚ñí|‚ñí‚îÇ‚ñí‚îÇ

‚îå‚î¥‚îÄ‚î¥‚îÄ‚îê-‚îò‚îÄ‚îò

‚îÇ‚ñí‚îå‚îÄ‚îÄ‚îò‚ñí‚ñí‚ñí‚îÇ

‚îî‚îê‚ñí‚ñí‚ñí‚ñí‚ñí‚ñí‚îå‚îò

‚îî‚îê‚ñí‚ñí‚ñí‚ñí‚îå

,

2 PONTOS

‚òÜ‚îå‚îÄ‚îê„ÄÄ‚îÄ‚îê‚òÜ

‚îÇ‚ñí‚îÇ /‚ñí/

‚îÇ‚ñí‚îÇ/‚ñí/

‚îÇ‚ñí /‚ñí/‚îÄ‚î¨‚îÄ‚îê

‚îÇ‚ñí‚îÇ‚ñí|‚ñí‚îÇ‚ñí‚îÇ

‚îå‚î¥‚îÄ‚î¥‚îÄ‚îê-‚îò‚îÄ‚îò

‚îÇ‚ñí‚îå‚îÄ‚îÄ‚îò‚ñí‚ñí‚ñí‚îÇ

‚îî‚îê‚ñí‚ñí‚ñí‚ñí‚ñí‚ñí‚îå‚îò

‚îî‚îê‚ñí‚ñí‚ñí‚ñí‚îå

,

aqui em minas gerais, tem um mercado no centro de Belo horizonte, que vende d tudo, veja se tem a√≠.

","
","
Voc√™s sabem algum lugar em Curitiba para comprar iguana?
"
0,"
8
","

Pergunta condicionada e dirigida a um grupo s√≥ n√£o √© permitido no Yahoo Respostas.

,

Nao foi solidao. Foi amor!!! E viu Deus que tudo era bom,.....e nos criou a imagem e semelhan√ßa Dele, somos criados paa termos relacionamento com Ele. Entao por isso que o diao enta tanto acabar com esse relacionamento entre Deus e o homem, Leia o livro de Genesis na Biblia ,

,

Foi o Amor.


Deus nos amou muito antes da cria√ß√£o de todas as coisas.

,

Por que √© urgente...

Talvez seja isso.

Pois a b√≠blia diz tamb√©m que Deus espera ou quer que todos se salvem. E depois tem registros na b√≠blia dizendo sobre a salva√ß√£o, que, interessante, Deus nos deu a vida na Terra, e quando formos salvos, ter√≠amos um lugar no c√©u.

Veja que No c√©u onde Ele Deus tamb√©m est√°.

Intrigante, n√£o..

,

N√£o. Deus viu a ele mesmo e sentiu prazer em criar n√≥s, ao qual diz na b√≠blia, sua semelhan√ßa!

√â como se ele quisesse compartilhar com a gente, o que ele via nele e nos dar vida para viver conforme viveu um dia.

,

A B√≠blia n√£o explica o motivo. Cabe a ti descobrir por meio das ora√ß√µes.

,

N√£o se sabe

","
Por favor, respostas baseadas na PALAVRA ( B√≠blia)
","
URGENTE RESPONDAM - O que levou Deus a criar o Universo, foi solid√£o?
"
0,"
5
","

Pensando em investir em vo√ß√™!? que tal uma profiss√£o q mais cresce e traz renda no Brasil?

Acesse o Link:http://bit.ly/Cursoderetrospectiva

,

tem dinheiro se tem
√© otima bviu

,

Eu acho que os pobres n√£o s√£o bem-vindos l√°...


Voc√™ j√° viu algum pobre dando testemunho l√°?


Se voc√™ for rico eu acho que eles v√£o te receber de bolsos abertos.

,

se voc√™ n√£o liga para o seu dinheiro ai pode frequentar

","
","
A igreja universal e uma boa igreja para frequentar?
"
0,"
7
","

Liga pra mim 4002-8922 e passa seu CEP que eu mando um saco da batata de sua prefer√™ncia.

,

Me da uma batata? Dogs can become possessed; don't keep dogs inside you home. Walmart has technology to administer mark of the beast to those who have cat bacteria in their stomachs; stay away from cats [Afanasiy Sydyachyj]. Next false flag is the Statue of Liberty. Earth is flat; stands on 3 pillars (the Most Holy Trinity); pillars stand on water at zero Kelvin. Zodiac is planetary prison of demons; don't believe in horoscopes or you'll exhibit the traits of the trapped demons. Most thoughts and dreams are from demons; demons never do good. Sleep fully clothed; pray the Jesus prayer. Pray to your guardian angel to have normal sleep. Vyacheslav Krasheninnikov was the last prophet before Enoch and Elijah return to preach against the antichrist. According to Ruski Orthodox Christian Vyacheslav Krasheninnikov: Humans were created about 7525 years ago.


Birds participate in time creation. It's a sin to kill birds. Dinosaurs live under our level. They will get out through sinkholes and lakes. To kill them, go for their nerves. Save the birds; but kill the dinosaurs. First dinosaur will come out of Volga River in Russia. Demons grow human skin (from a sample taken during abduction) and put it on so as to look like us. Demons will invite people to be healed inside their UFOs; those who go will be like zombies after. Gov't provides demons with diamonds and allows demons to abduct people. If you're being abducted, slowly pray the Jesus prayer.


Don't panic. Demons use diamonds and souls to power their UFO craft. The bigger the diamond, the more it lasts. Demons have 4 UFO bases: 1)Moon 2)Inside fake mountain Kailash in Tibet 3)In lake Baikal in Russia 4)In Atlantis which is underneath the Mariana Trench in Pacific Ocean. There are no aliens. Nobody lives on other planets. Airplanes that go down are hit by demons because they need the airspace to fight Jesus. Antichrist is pale with red eyes. He's possessed by Satan since he's 12 years old. He flies. He wears gloves to hide long nails. He's surrounded by demons who appear as angels of light.


Don't go into a UFO to be healed by demons. 666 is given by isotope rays on wrist or forehead when people stretch hands to receive small plastic grey card with no name on it (World Passport). Police will microchip and isotope ray people on highways. Food stores will isotope ray people too. Antichrist will also release prisoners to mark people. Reject 666 at all cost. If you're about to be marked, pray the Jesus prayer. Hide with Orthodox Christians to escape 666; leave all electronics behind so that antichrist's minions can't track you. Give to charity in the name of Archangel Michael; he rescues people from hell twice a year (or brings them up a level, that is, to a level with less punishment; eventually, people are freed). Feed the pigeons; when pigeons bow down, people are saved from hell. Forgive me.

,

Tenho duas

,

assad

,

N√£o

,

TE DOU DUAS BEM PELUDAS

,

Vou te dar uma mandioca.

","
Quero uma batata
","
Me da uma batata?
"
0,"
12
","

Aquela historia bonita e edificante das duas ursas que destruiram 42 crian√ßas pq elas chamaram o cara l√° de careca

,

A do rico e o L√°zaro.

Porque prova que quando morrermos iremos √† um lugar intermedi√°rio, depois o ju√≠zo final.


E em fim ao c√©u ou o inferno. Fato.

,

N√£o tem nenhuma hist√≥ria verdadeira na B√≠blia

,

O meu livro preferido da b√≠blia √© J√≥. Na minha opini√£o ele foi um homem exemplar. Foi muito
fi√©l a Deus,nunca questionou os des√≠gnios de Deus. Queria eu ser metade do que J√≥ foi, passar pelo que passou e nunca blasfemar.

,

A hist√≥ria mais Show e que motiva, √© o Apocalipse. Se voc√™ ler voc√™ vai ter motiva√ß√£o e for√ßa para seguir em frente

,

Eu gosto da hist√≥ria do Mois√©s
e tamb√©m o nascimento de Jesus

,

N√£o gosto de mentiras.

,

Mais uma tolice no YR!!

,

As hist√≥rias da b√≠blia todas s√£o reais

","
","
Quais s√£o as hist√≥ria da B√≠blia que mais gostas?
"
0,"
4
","

Seu desejo devia ser amar algu√©m e casar para ter uma fam√≠lia direita e crist√£, obedecer a Deus e n√£o transar feito cachorro ou qualquer outro bicho. Voc√™ √© ser humano Filho de Deus e n√£o
gato, cachorro, cavalo e afins, se liga. Sorte.

,

sair com duas velhas de 70 e 80 anos.

,

Fazer sexo a 3, homens e mulheres

","
Qual √© o de voc√™s o meu √© fazer com duas g√™meas ao mesmo tempo ainda mas ainda n√£o realizei
","
Qual seu maior desejo sexual?
"
0,"
5
","

Sou um falso evang√©lico

,

gloria a Jesus?

,

2 PONTOS

ESCOLHA A MELHOR RESPOSTA E GANHE 3 PONTOS

‚òÜ‚îå‚îÄ‚îê„ÄÄ‚îÄ‚îê‚òÜ

‚îÇ‚ñí‚îÇ /‚ñí/

‚îÇ‚ñí‚îÇ/‚ñí/

‚îÇ‚ñí /‚ñí/‚îÄ‚î¨‚îÄ‚îê

‚îÇ‚ñí‚îÇ‚ñí|‚ñí‚îÇ‚ñí‚îÇ

‚îå‚î¥‚îÄ‚î¥‚îÄ‚îê-‚îò‚îÄ‚îò

‚îÇ‚ñí‚îå‚îÄ‚îÄ‚îò‚ñí‚ñí‚ñí‚îÇ

‚îî‚îê‚ñí‚ñí‚ñí‚ñí‚ñí‚ñí‚îå‚îò

‚îî‚îê‚ñí‚ñí‚ñí‚ñí‚îå

,

Eu ja fui evang√©lica , sou esp√≠rita atualmente

","
","
Quem aqui e evang√©lico?diga gloria a Jesus?
"
"
1
","
13
","

kkkkkkkkkkkkk incr√≠vel a mente humana a capacidade de inventar historias, usam imagens fora do contexto para enganar os trouxas crist√£os e cego guiando cego.

,

n√£o

,

Esses v√≠deos com t√≠tulos sensacionalistas n√£o devem ser levados a s√©rio.

,

Talvez

,

Ateus n√£o acreditam em Deus, obviamente nem no anti-Deus, so acreditam no que veem.

,

reptilianos

,

hahahahahahaha cada uma

,

Zzzzzz

,

O que montagem e edi√ß√£o, acompanhadas de sugest√£o e informa√ß√µes manipuladas pode fazer.

","
https://www.youtube.com/watch?v=Plow6nCYehI
","
Ateus o anti cristo se revelou ao mundo?
"
0,"
6
","

Oi maria0cl44, compre na amaz√¥nia.

,

Hddhdh

,

Comprei numa Loja aqui perto! Foi Baratin 10 reais

,

Tenho algumas no celeiro. Junto com o feno

,

N√£o posso comprar uma,mas se voc√™ for comprar consulte o departamento de animais local IBAMA e acesse o site jib√≥ias brasil al√©m de pesquisar todos os itens necess√°rios para manter o r√©ptil



Espero ter ajudado

,

Minha m√£e me deu...

","
","
Ol√°, eu gostaria de saber aonde voc√™ comprou a sua jiboia?
"
0,"
4
","

Nesse mundo onde todos querem se dar bem, sem se importar com o bem estar dos outros, ent√£o, √© normal n√£o ser √©tico.

,

Acho um dom maligno, queria ter o mesmo :( Mas eu que sou manipulada..

,

.

","
Claro, manipular mas sem fazer o mal para elas.
","
O que voc√™s acham de manipular as pessoas para conseguir o que quer?
"
0,"
7
","

30mim a 1h o que voce nao pode e fazer esfosso

,

40 minutos

,

1 hora e meia.

,

Quem vai andar √© vc ou o cavalo, arrego p√¥ claro q vc pode andar

,

z

,

.

","
Quanto tempo depois de almo√ßar (comendo pouco) (tipo, frango, arroz e batata) posso andar de cavalo?
","
10 PONTOS NA HORA+5 ESTRELASSS!!!!!!?
"
0,"
6
","


https://www.youtube.com/watch?v=DIVBSn4U...


,

Is it a new sweater, or your old one just turned to red?

Are you menstruating right now, or your future child is now born dead?

Can I practice for an hour, my favorite hobby on your head?


I just need your scalp, and one of your eyes in my hand.

,

O peso √© igual ao churros de pedra que foi ****** pelos americanos que fundaram a c√∫ c√∫ clan

,

J√° tomou seu rem√©dio hoje?

,

Que?

,

O

","
","
Tinham dois cavalos voadores. Um era azul e o outro foi para direita. Qual o peso da girafa, sabendo que a formiga anda?
"
0,"
15
","

Boa noite, a dieta de 21 dias.

O programa tem o objetivo de, atrav√©s de uma alimenta√ß√£o adequada, natural e balanceada, resolver todos os problemas que possam estar travando o seu emagrecimento.

Espero ter ajudado, os resultados s√£o garantidos..



https://go.hotmart.com/O6354730P

,

Fa√ßa uma alimenta√ß√£o saud√°vel e pratique exerc√≠cio f√≠sicos .

,

Diminuir os carboidratos e,fazer caminhadas.

,

Atletismo

,

Sim, Tem um m√©todo testado e comprovado para vc perder peso s√≥ com di√©tas.

perca peso todos os dias

se quiser saber mais segue o link

http://bit.ly/2vZdEfq

,

Quer aprender a fazer biscoitos naturais pro seu c√£ozinho? Aproveite que esse √© o √∫nico curso online que te ensina a fazer biscoitos 100% Naturais e Saud√°veis para o seu melhor amigo: https://go.hotmart.com/V6378267L


Mais informa√ß√µes: cachorrosincriveis.com.brÔªø

,

M√©todo fecha a boca.

,

Ol√° tem varias maneiras de emagrecer tem os e suplementos naturais >

http://bit.ly/2ie12ek

tem as dietas com sua
alimenta√ß√£o >

http://bit.ly/2w5ABNi

ou fazendo exerc√≠cios f√≠sicos >

http://bit.ly/2wTo3p7

.

,

https://go.hotmart.com/E6365432P

,

Fechar a boca.

","
","
Gente! Algu√©m conhece um m√©todo r√°pido e saud√°vel pra emagrecer? Alguma dieta boa?
"
0,"
11
","

Tamb√©m queria saber, eu sou sincera e o povo me odeia. üòÇ

,

Parecem que tem muito contra, eu sou um exemplo kk.

,

N√£o tenho nada contra, √© melhor ser sincero do que mentiroso

,

Nada, tambem sou sincero

,

Nada contra, eu sou √© a favor. Quanto mais Transparente e franco for comigo, melhor

,

Nada, afinal √© melhor sinceridade do que falsidade...

,

SINCERAS OU ESTILO CUCK E RED QUE TEM RABO PRESO COM O REGIME E S√ì FALA MEIA VERDADE COM DESINFORMA√á√ÉO?

,

SEI LA PERGUNTA PRA SUA MAE AQUELA CADELA SINCERA

,

Eu amo elas, s√£o pessoas incr√≠veis q admiro muito.

Mas n√£o devemos confundir nunca sinceridade com grosseria.

,

A maioria das pessoas confunde sinceridade com falta de respeito ou grossa.

","
","
O que voc√™ tem contra pessoas sinceras?
"
0,"
9
","

Se em tudo que √© esquina e pracinha j√° t√° cheio de noia ocupando nossa liberdade e praticando furtos para pagar a m3rd@ que usam quem seria idiota a ponto de legalizar essa jo√ßa?

Se tr√°fico √© crime obviamente se h√° consumidor ent√£o o tr√°fico n√£o √© crime...

Lula + droga deu no que deu, essa feira livre que virou o Pa√≠s.

Tem de pegar os est√°dios in√∫teis de futebol, colocar os noias l√° dentro e dar droga at√© morrer, quando morre um entra outro, seria perfeito.

,

pra que? pra ficar cometendo crimes, matar, roubar, destruir familias, viciar, vagabundear, ficar mais dementes e falar girias de retardados, obrigar pessoas sentir aquele cheiro podre. sou a favor pra curar doen√ßas mas pra criar zumbis n√£o.

,

n√£o sou contra

,

Contra.

As drogas debilitam e inutilizam os viciados, tornando-os in√∫teis imprest√°veis para a sociedade.

O Brasil j√° tem parasitas demais. N√£o precisa de mais um monte deles.

,

N√£o

,

SOU E SEREI ETERNAMENTE CONTRA... ""ADEUS DROGAS: H√Å DEUS!""

,

CONTRA

,

Depende das drogas

,

Sim, bora liberar o crack pra piazada na sa√≠da da escola.


√â o veneno da lata!

","
","
Vc √© a favor ou contra a legaliza√ß√£o de drogas?
"
0,"
5
","

Moderadamente pode sim.

,

- N√£o √© uma boa, n√£o...

At√© porqu√™, algumas possuem ""leite""...

Isso pode agredir o est√¥mago...

Os melhores alimentos p/ o cavalo, √© a grama comum... E uma ra√ß√£o balanceada (s√≥ p/ suprir a prov√°vel falta de algum nutriente)...

Se o bicho n√£o conseguir digerir aquilo direito (√† exemplo da tal folha), pode ter uma c√≥lica grave, vindo seguida de uma tor√ß√£o g√°strica... Tendo como melhora, somente o tratamento cir√∫rgico...

Creio que seja melhor n√£o arriscar...

,

De modo que se os homens filosofaram para se libertarem da ignor√¢ncia, √© evidente que buscavam o conhecimento unicamente em vista do saber e n√£o por alguma utilidade pr√°tica

,

Eu busco o m√°ximo de prazer e o m√≠nimo de dor.

,

Aprendi o sil√™ncio com os faladores, a toler√¢ncia com os intolerantes, a bondade com os maldosos. E, por estranho que pare√ßa, sou grato a esses professores.

","
","
Cavalo pode comer as folhas de p√© de manga ?
"
0,"
9
","

Vc quer que ele fa√ßa o que? Que ele fa√ßa flex√µes e que jogue no ps4 online? √â um peixe. N√£o tem muito o que fazer.

,

Ele √© um peixe!Voc√™ que √© um ***** que n√£o tem nada para fazer e fica cuidando da vida do seu PEIXE!

,

e por que vc quer um peixe?se quer emo√ß√£o pega um le√£o com fome e fica do lado

,

Pensando em investir em vo√ß√™!? que tal uma profiss√£o q mais cresce e traz renda no Brasil?

Acesse o Link:http://bit.ly/Cursoderetrospectiva

,

seu peixe √© parecido com vc, que come, dorme, vai para a escola e entra no yahoo

,

triste

,

QUE DIVERTIDO

,

Ent√£o ele √© que nem eu?

,

frita ele

","
","
Meu peixe beta √© um b0stha ele s√≥ come e dorme?
"
0,"
14
","

Flypper

,

O nome do meu era Betinho (era um peixe beta) kkk... Mas pode ser Nemo, Dori, enfim...

,

almirante marujo

,

********

,

lupi

,

Paulistinha, beta, japon√™s, espada sangue, gup, carpa etc...

,

Bom dia Mara! Tudo bem?


Neste link voc√™ pode encontrar dicas de nomes para seus peixes ‚Üí http://animais.culturamix.com/curiosidades/nomes-para-peixes


Podemos promover qualidade de vida aos nosso peixes se seguirmos dicas importantes muitas vezes n√£o levadas a s√©rio.

Se voc√™ possui um Betta, d√™ uma conferida neste guia de cria√ß√£o ‚Üí https://go.hotmart.com/T6895831N


Espero ter ajudado!

,

Sushi e Sashimi

,

Eu sei cerca de 1000 nomes, entre marinhos e dulc√≠colas.

,

Nemo

","
","
Algu√©m a√≠ sabe alguns nomes para peixinhos de aqu√°rio ?
"
0,"
8
","

Ol√°! Se foram abandonados, voc√™ pode cuidar deles em sua propriedade. At√© porque eles est√£o correndo riscos.

,

cuide deles e denuncie voc√™ caso eles judiam de um animal

,

Cuida deles e chama a prefeitura pra explicar a situa√ß√£o. E se quiser voc√™ pode ver pra ficar com eles e tal.

,

Acho que ele vai acabar reclamando √† pol√≠cia. Sinto muito, tente falar com ele e oferecer o teu terreno como abrigo, pode ser que d√™ certo. Se eles foram abandonados mesmo, guarde-os, mas tenha em mente que o dono pode voltar e causar embara√ßo.

,

se pegar vc pode acabar arrumando alguma dor de cabe√ßa mesmo tendo boa inten√ß√£o o melhor √© comunicar algum institui√ß√£o de prote√ß√£o aos animais

,

Se foram abandonados pode colocar para suas terras.

O CCZ d√° destino √† eles caso queira.

,

- Se n√£o √© seu... N√£o pode sair pegando...

Ligue p/ a Pol√≠cia Ambiental/ Florestal...

","
Eu posso pega-los e colocar no meu terreno? aparecem alguns molques da rua e querem monta-los mas judiam e n√£o alimentam os cavalos...como ja me amea√ßaram queria saber se eu posso cuidar dos cavalos ou v√£o me denunciar?
","
Um senhor abandonou varios cavalos na rua e agora eles ficam atras do meu sitio?
"
0,"
6
","


https://www.youtube.com/watch?v=LrcEpC6Q...


dif√≠cil saber mas n seria algo estranho, em muitos pa√≠ses isso √© normal

,

2 PONTOS

ESCOLHA A MELHOR RESPOSTA E GANHE 3 PONTOS

‚òÜ‚îå‚îÄ‚îê„ÄÄ‚îÄ‚îê‚òÜ

‚îÇ‚ñí‚îÇ /‚ñí/

‚îÇ‚ñí‚îÇ/‚ñí/

‚îÇ‚ñí /‚ñí/‚îÄ‚î¨‚îÄ‚îê

‚îÇ‚ñí‚îÇ‚ñí|‚ñí‚îÇ‚ñí‚îÇ

‚îå‚î¥‚îÄ‚î¥‚îÄ‚îê-‚îò‚îÄ‚îò

‚îÇ‚ñí‚îå‚îÄ‚îÄ‚îò‚ñí‚ñí‚ñí‚îÇ

‚îî‚îê‚ñí‚ñí‚ñí‚ñí‚ñí‚ñí‚îå‚îò

‚îî‚îê‚ñí‚ñí‚ñí‚ñí‚îå

,

Sim

,

N√£o

,

eu acho que n√£o

","
N√£o lembro agr qual vou o episodio
","
Em um episodio o Chaves come um peixe de um aquario, ele comeu de verdade?
"
0,"
9
","

Andam e nadam.

,

Acho que os dois.

,

Elas nadam.

,

NADAM, ANDAM E PRA VC, C√ÅGAM!

,

os dois

,

Eu vi alguns v√≠deos e de acorco com o que vi parece que os dois. Elas tanto andam quanto nadam.
:)

,

Elas voam

,

Nadam

","
","
Lagostas andam ou nadam?
"
0,"
7
","

Eu n√£o sei .

,

Pegando a alface e jogando no aqu√°rio.

,

A amizade perfeita n√£o pode existir sen√£o entre os bons.

Com um cora√ß√£o a muito partido, e sei que sabes. Meu pranto √© teu, Minha lastima √© tua, Mesmo eu, sem direito a posse tua, sabendo hoje, que feliz est√°s, Meu cora√ß√£o cheio de magoas escancara irradia: Satisfa√ß√£o. Raiva. Inveja e um p√©ssimo sorriso.

,

N√£o √© a d√∫vida, mas a certeza, que torna louco.

H√° tr√™s m√©todos para ganhar sabedoria: primeiro, por reflex√£o, que √© o mais nobre. Segundo, por imita√ß√£o, que √© o mais f√°cil. E terceiro, por experi√™ncia, que √© o mais amargo.

,

2 PONTOS

ESCOLHA A MELHOR RESPOSTA E GANHE 3 PONTOS

‚òÜ‚îå‚îÄ‚îê„ÄÄ‚îÄ‚îê‚òÜ

‚îÇ‚ñí‚îÇ /‚ñí/

‚îÇ‚ñí‚îÇ/‚ñí/

‚îÇ‚ñí /‚ñí/‚îÄ‚î¨‚îÄ‚îê

‚îÇ‚ñí‚îÇ‚ñí|‚ñí‚îÇ‚ñí‚îÇ

‚îå‚î¥‚îÄ‚î¥‚îÄ‚îê-‚îò‚îÄ‚îò

‚îÇ‚ñí‚îå‚îÄ‚îÄ‚îò‚ñí‚ñí‚ñí‚îÇ

‚îî‚îê‚ñí‚ñí‚ñí‚ñí‚ñí‚ñí‚îå‚îò

‚îî‚îê‚ñí‚ñí‚ñí‚ñí‚îå

,

pesquisa no google

","
Tenho que moer o alface? Cortar em pedacinhos? Qual a quantidade?
","
Como dar alface ao peixe kinguio?
"
0,"
6
","

Ol√°!


- Paula estou muito sentido com sua perda, que fique em paz Betta. (Triste o caso)


~Boa Sorte! ^^

,

Esses peixes morrem muito r√°pido e f√°cil! n vale a pena comprar-los

,

B

,

.

,

Agora s√≥
invocando o esp√≠rito dele em um terreiro para perguntar pq ele se suicidou. Meus sentimentos.

","
Meu peixe beta morreu. Ele comia uma ra√ß√£o que ele se alimentou dessa ra√ß√£o por muito tempo, a√≠ houve um tempo que ele n√£o quis mais essa ra√ß√£o, a√≠ fui ao avi√°rio e comprei outra, ele comeu essa outra normalmente por v√°rios dias, a√≠ de repente ele parou de comer essa outra, eu ja tinha trocado de ra√ß√£o uma vez e n√£o queria trocar de novo at√© porque n√£o tinha outro avi√°rio perto da minha casa, e o mais pr√≥ximo s√≥ vendia dois tipos que eu j√° havia dado. ent√£o ele parou de comer, e morreu... deve ter morrido por falta de alimento, mas quero saber o porqu√™ desse
'' suic√≠dio ''
","
Por que meu peixe betta morreu?
"
"
1
","
5
","

Ele viu que a dona dele era uma merd@ loka e preferiu o suic√≠dio. Kkkk

,

N√£o tem como saber.

Por isso, use sempre ra√ß√µes made in Germany (Tetra, Sera ou JBL)

,

Foi a desilus√£o de n√£o ter uma f√™mea que ele amasse de verdade.


isso √© comum de acontecer com animais.

,

.

,

Suic√≠dio.

","
","
POR QUE MEU PEIXE BETA MORREU? ele parou de comer por espontanea vontade, ficou uns dias sem comer e depois morreu o que foi isso?
"
0,"
4
","

primeiro, voc√™ iniciou errado,o per√≠odo minimo de ciclagem,mesmo com a ampola √© de 15 a 20 dias,
sugiro que vc coloque seus peixes em um aqu√°rio de um amigo,ou
compre outra ampola de biologia.

,

Transbordando a presen√ßa e a un√ß√£o de Deus

N√£o se desespere, pois no momento certo Deus volta a colocar tudo no lugar.

,

As ideias da raz√£o pura jamais podem ser em si mesmas dial√©ticas, mas tem que ser o seu simples abuso que faz com que delas surja uma apar√™ncia enganosa

J√° cai muitas vezes, mas Deus sempre me ajudou a levantar e de cada vez me aben√ßoou com mais for√ßa!

,

Os dois filtros que voc√™ tem s√£o ineficientes.

Sem uma filtragem realmente eficiente, voc√™ ter√° problemas sempre.

Remedinhos e
paliativos n√£o resolvem.

","
Algu√©m poderia me ajudar, estou no 8 dia de ciclagem, e no 4 dia coloquei Peixes no meu aquario. Atualmente tenho 5 kinguios pequenos, em um aquario de 90 litros. Tenho um Hang on HF 240 Maxxi e uma bomba-filtro submerso 1000A da Jad. Coloquei uma ampola de biologia no 3 dia, antes de colocar o Peixes. At√© ent√£o estava tudo indo bem, apenas a am√¥nia que estava 1 mmp. Os peixes estavam bem e Ainda est√£o. Ontem cheguei em casa a √°gua estava muito turva e a am√¥nia 1 mmp, fiquei louco e fiz uma TPA, a √°gua melhorou mais n√£o ficou limpa. E eu fiz um teste de am√¥nia e n√£o tinha baixado. O que eu fa√ßo ? Meus peixes n√£o morreram pois eu eu usei prime pra fazer a troca parcial. Estou louco √© muito preocupado com eles.
","
Ciclagem do aquario mal feita. Socorro!?
"
0,"
6
","

Kkkkkkkkkkkkkkkkk

,

Instalar aquele aparelho que solta bolhas melhoraria a vida do peixe. üëçüèª

,

N√£o h√° o que temer, N√£o tem inveja, olho grande, n√£o tem nada que possa prejudicar aquele que fez um pacto com Deus.

O maior castigo para o mentiroso √© n√£o ser acreditado, nem quando fala a verdade.

,

O caminho dos rios para o oceano n√£o √© t√£o r√°pido quanto o do homem ao erro.

Eduquem as crian√ßas e n√£o ser√° necess√°rio castigar os homens.

,

Nado irregular pode ser Ph inapropriado para a esp√©cie ou intoxica√ß√£o por am√¥nia.

Fa√ßa teste de Ph e de am√¥nia t√≥xica.

Tamb√©m pode ser doen√ßa bacteriana. Se for isso, n√£o tem jeito.

,

G

","
","
Um dos meus peixes est√° um pouco torto e s√≥ consegue nadar para baixo. Partiu alguma coisa?
"
0,"
4
","

Nada √© bastante para quem considera pouco o suficiente.

Existem coisas que s√£o t√£o claras que n√£o as percebemos. Certa vez um homem ignorante saiu com uma tocha na m√£o procurando fogo. Se ele soubesse o que era o fogo teria cozinhado seu arroz bem mais cedo.

,

Uma mulher bonita n√£o √© aquela de quem se elogiam as pernas ou os bra√ßos, mas aquela cuja inteira apar√™ncia √© de tal beleza que n√£o deixa possibilidades para admirar as partes isoladas.

O valor do homem √© determinado, em primeira linha, pelo grau e pelo sentido em que se libertou do seu ego.

,

√â normal.

,

pq ele √© gay ;-;

","
Tenho um Kinguio c√°lico, ele tem v√°rias manchinhas pretas no corpo, s√≥ que todas as vezes que anoitece elas somem e ele fica todo laranja. O que pode estar acontecendo? Isso √© normal?
","
Porque as manchinhas pretas de meu peixe kinguio somem toda vez que anoitece?
"
0,"
6
","

Super, quando penso em mim mesmo, tamb√©m fica ''faltando'' algumas coisas, √© que n√£o temos o nosso rosto em nosso campo de vis√£o o tempo todo, s√≥ nos vemos com um espelho, em compara√ß√£o o tempo que j√° olhamos para um espelho durante toda nossa vida at√© aqui, √© quase insignificante com oque j√° olhamos por ai em todo os lugares, e armazenamos em nossas mem√≥rias, por isso quando pensamos em n√≥s mesmos, ficamos √° falhar. Por√©m fique tranquila, isso √© natural, j√° at√© vi uma pesquisa √° respeito. Abra√ßos.

,

pode ser normal... principalmente se vc n√£o se olha muito no espelho..

,

Como assim

,

N√£o, n√£o √© legal!

,

Kkkk anormal

,

legal n√©,?

","
Isso √© minha mente!
","
Minha mente n√£o reproduz imagens de mim mesma, reproduz de tudo! Menos minha, isso √© normal?
"
0,"
6
","

Por que c√§ralho ent√£o pegou o peixe?

Se n√£o sabe cuidar, devolve..Mesmo que soubesse, quem te d√° o direito de pegar o bicho do habitat dele?

,

Ent√£o, porque pegou???

Maus tratos a animais √© crime e √© anti-√©tico.

,

posta fotos em grupos de aquarismo, vc pode encontrar os links do grupo nos canais de aquarismo no youtube

,

Coloca foto dele pra poder identificar

,

D√° ra√ß√£o

,

.

","
","
Peguei um peixinho pequeno no Lago e n√£o sei a esp√©cie nem de que ele se alimenta o que fa√ßo?
"
0,"
5
","

OH QUE LEGAL UH AH WOW

,

Havanna oh na na na
‚ù§‚ù§‚ù§‚ù§

,

S√©rio? legal

,

Quer ganha bitcoin? Site que esta pagando 100%, link de refer√™ncia : https://ref.adbtc.top/378278

http://bitfun.co/?ref=C944F1EE1D70

,

Voc√™ est√° em d√∫vida se est√° em depress√£o ou n√£o?

Ent√£o fa√ßa o teste voc√™ mesmo e descubra:


http://www.cantosereno.com/teste-de-depr...


","
HAVANA UH NA NA
","
Ele fez com que eu me sentisse tipo uh uh uh uh uh uh uh uh...?
"
0,"
7
","

nas nuvens.

,

Na f√°brica de √°gua destilada.

,

NO MUNIC√çPIO DE √ÅGUAS DE LIND√ìIA. A √ÅGUA DE L√Å CURA E OPERA MILAGRES!

,

https://rbr.com.br/as-10-aguas-mais-cristalinas-do-brasil/

https://www.guiadasemana.com.br/viagens-nacionais/galeria/praias-no-brasil-com-agua-tao-azul-que-mais-parecem-o-caribe

,

nun sei

,

Alter do ch√£o

","
","
Onde fica a √°gua mais limpa do Brasil?
"
0,"
5
","

Deixa os bichinhos pra que vc quer matar eles? Eles n fazem mal a ninguem.

,

sei l√° meu fio

,

O cheiro do gamb√° j√° √© imposs√≠vel amigo, √™ta bicho que cheira mau.

,

S√≥ conhe√ßo o veneno da lata!

,

tem um caseiro

","
","
Existe veneno de gamb√°? onde encontrar?
"
0,"
8
","

.

,

Elimine o que n√£o te ajuda a evoluir. Fica a dica.

Obrigado Deus por n√£o fazer as minhas vontades e sim atender as minhas necessidades.

,

N√£o tem jeito.

A Lei da Gravidade √© incontorn√°vel.

,

Pode usar um carneiro hidr√°ulico.

,

Imposs√≠vel.


Algo de que gosto muito √© de roda d√°gua. Mas n√£o deixa de ser um tipo de motor, e de usar energia - a energia da queda d√°gua.

http://capitaldocampo.com.br/wp-content/uploads/2011/10/2698299.jpg

,

A imagina√ß√£o √© mais importante que o conhecimento. Einstein

A condi√ß√£o de um homem superior √© tripla; virtuoso, ele est√° livre das ansiedades; s√°bio, ele est√° livre das perplexidades; corajoso, ele est√° livre do medo.

,

Suba o tanque e faca tipo caixa daagua .O curso Os Pilares do Canto √© um curso online de t√©cnica vocal com base na fisiologia da voz para forma√ß√£o de Cantores Profissionais e Professores de Canto. Ser√£o 12 M√≥dulos de conte√∫do, cada m√≥dulo ser√° liberado semanalmente com acompanhamento para d√∫vidas e explica√ß√µes, tanto te√≥ricas quanto pr√°ticas. Conte√∫do program√°tico: Respira√ß√£o, Fisiologia Vocal, Apoio, Controle de Press√£o Supragl√≥tica, Ajustes Vocais: Falsete, Whisper Voice, Gregorian Voice, Belting, Clamp/Curbing e Voz Mista (Speech Level Singing), Acabamentos: Vibrato, Melisma, Yodel, Appoggiatura, Floreio, Escalas: Maiores, Menores, Ham√¥nica, Pentat√¥nica e Blues, Drive: Creaky Voice, Grit, Scream, Rattle, Growl, Grunt, Harmonia Vocal, Postura de Palco, T√©cnica de Microfone e Equaliza√ß√£o, Produ√ß√£o de Show ao Vivo e Intera√ß√£o com P√∫blico, Aulas com Fonoaudi√≥loga, Coaching Art√≠stico e Financeiro. acessa o link

https://go.hotmart.com/F6459145Y


","
","
Como fazer para a √°gua sair do fundo de um tanque como esse e subir para um filtro, sem o uso de energia e motor?
"
0,"
10
","

na verdade chamam os grandes de gabiru s√≥ os pequenos de catitas

,

Deveriam chamar de Temer , A√©cio, Lula , Meireles , etc.

,

PQ ELES SAO SUJOS IGUAL OS PTS

,

Nunca ouvi esse negocio antes

,

?

,

depende do lugar, eu sou do goias, e chamo de rato normal.

,

nunca ouvi esse nome

,

Brasileiros n√£o chamam ratos e camundongos de catitas.

,

Ol√° linda tarde.

Esse √© um apelido carinhoso por serem dom√©stico.


LEIA:


O camundongo ou rato-dom√©stico ou ainda murganho (Mus musculus) √© uma esp√©cie de ... No Brasil √© tamb√©m chamado de calunga, calungo, catita, catito.

,

aqui no ceara √© um apelido engra√ßado


''l√° vem a catita''

","
Porque os brasileiros chamam os ratos e camundongos de catitas?
","
Porque os brasileiros chamam ratos e camundongos de catitas?
"
0,"
4
","

N tenho certeza se ele comeu ele estava debaixo da geladeira e l√° estava o veneno vou esperar aviso vcs

,

e Possso fazer mais? Gov't is killing you at night with high frequency electricity. Theotokos Virgin Mary gave prayers to ""Schema-nun Antonia"" on how to save aborted babies from hell. If you pray these prayers diligently, aborted babies are released from hell. On each painted nail there are 40 demons. Smoking is censer to the devil. Using foul language calls upon Pagan deities (aka demons); Holy Spirit departs on 7 meters. People who use drugs see demons who cleverly disguise themselves as ghosts and aliens. America will be last country to switch to Euro (antichrist's world currency). Contraceptives = abortion; using contraceptives for 1 year = 5 aborted kids. Miscarriages happen because of high heels; cesarean because of tight pants (second generation cesarean will be infertile). Unbaptized aborted/miscarried/unborn babies burn in hell for 33 and a half years; if pregnant, keep the kid and deliver at home because kids are chipped using IVs and vaccines in hospitals. Dentists and doctors chip patients secretly. Ultrasound leads to mark of the beast; don't do ultrasound, please. Abortion leads to breast cancer; a demon is released from hell for each aborted kid. Dogs can become possessed; don't keep dogs inside you home [Pelageya of Ryazan]. Walmart has technology to administer mark of the beast to those who have cat bacteria in their stomachs; stay away from cats [Afanasiy Sidyachiy]. Next false flag is the Statue of Liberty. Above earth there is ice (hemisphere); when rockets go up they bring ice down from upper sky to lower sky; ice stuck in lower sky will fall on us during Apocalypse. Earth is flat; earth stands on 3 pillars (the Most Holy Trinity); pillars stand on water at zero Kelvin; underneath this ice there is a bubble; and then the abyss. Zodiac is planetary prison of demons; don't believe in horoscopes or you'll exhibit the traits of the trapped demons. Most thoughts and dreams are from demons; demons never do good. Sleep fully clothed; pray the Jesus prayer. Pray to your guardian angel to have normal sleep. Vyacheslav Krasheninnikov was the last prophet before Apostle John (who wrote the Book of Revelation), Enoch, Elijah, resurrected Seraphim of Sarov, and resurrected Sergius of Radonezh will preach against the antichrist. Humans were created about 7525 years ago. Birds participate in time creation. It's a sin to kill birds. Dinosaurs live under our level; they will get out through sinkholes and lakes; to kill them, go for their nerves. Save the birds; but kill the dinosaurs. First dinosaur will come out of Volga River in Russia. Scientists don't see dinosaurs under our level because of radiation. Sinkholes happen because people dig for resources underground and because earth is heating up. Demons grow human skin (from a sample taken during abduction) and put it on so as to look like us. Demons will invite people to be healed inside their UFOs; those who go will be like zombies after. Gov't provides demons with diamonds and allows demons to abduct people. If you're being abducted, slowly pray the Jesus prayer. Don't panic. Demons use diamonds and souls to power their UFO craft. The bigger the diamond, the more it lasts. Demons have 4 UFO bases: 1)moon 2)inside fake mountain Kailash in Tibet 3)in lake Baikal in Russia 4)in Atlantis which is underneath the Mariana Trench in Pacific Ocean. There are no aliens. Nobody lives on other planets. Airplanes that go down are hit by demons because they need the airspace to fight Jesus. Antichrist is pale with red eyes. He's possessed by Satan since he's 12 years old [Lavrentiy Chernigovskiy]. He flies super fast; deceived people will say: ""Christ is here; Christ is there"" when he's flying from one city to the next very fast. He wears gloves to hide long nails. He's surrounded by demons who appear as angels of light. Antichrist will trick people that he can do mountain moving and resurrection using holograms; fire from the sky is real because of pollution gases in the atmosphere. Antichrist will have food only for 6 months; then he will feed his 666ed people flour from mashed up turtles (Tavrion Batozskiy), but this won't be enough because 666ed people are 10 times as angry and 7 times as hungry as normal people even though 666ed people became shorter (3-4 feet tall = 80 - 120 cm) because nanochips do function of organs (organs diminish) [Nilus Myrrhgusher]. If you have a lot of nanochips in your forearm, then you will not be able to make proper Orthodox sign of the cross (last mercy for you will be to cut your forearm off). Nanochips are sprayed by the gov't using chemtrails; they're also in gov't food and medicine; so, eat food from your own garden. In case garden is destroyed by ice from the sky, have chickens for eggs and goats for milk (Paisios). Lipstick contains cells of aborted fetuses, dog fat, and placenta; human flesh is in McDonalds, Pepsi, toothpaste, antiaging, anticancer, vaccines, perfume, etc.; that's why you should not be using anything that modern society has to offer. You're better off hiding within a 10-12 people group in order to escape Apocalypse. During Apocalypse, Chrtistians will eat dirt from under pussywillowtree as it's filled with tears of Theotokos Virgin Mary; this water will flee if a 666ed person tries to get it. Barcode is Druid black magic curse; QRcode is Mayan curse; when food is scanned, it becomes dead because laser is a substance from demons. Don't go into a UFO to be healed by demons. Green 666 is given by isotope rays on wrist or forehead when people stretch hands to receive small plastic grey card with no name on it (World Passport). It doesn't just have to be during this procedure (could be anything you sign up for or anywhere where there is a secret scanner); biometrics (fingerprints, eyes scan) or getting picture for passport are very dangerous because they could mark you secretly. Gabriel Urgebadze said that they do it on index finger when they scan your finger. Basically, try to avoid new documents at all cost. Police will microchip and isotope ray people on highways. Chipped people will be influenced by computers to take grey plastic card; but when they do, green mark by isotope rays is given on forehead/wrist. Food stores will isotope ray people too. Antichrist will also release prisoners to mark people. Reject 666 at all cost because it leads to permanent hell. If you're about to be marked, pray the Jesus prayer. Hide with Orthodox Christians to escape 666; leave all electronics behind so that antichrist's minions can't track you; burn documents because they're from Satan. The Most Holy Trinity gives you a name during baptism; devil gives an antiname during antibaptism (ex. Social Security Number). People who die with these Satanic documents go to concentration camp in hell to await Final Judgement; once the BEAST Computer is burned down, souls will be released for Final Judgement. That's why you should give back documents of your deceased relatives back to the gov't so that the gov't cancels these digital antichristian names given during antibaptism by the beast system; or just burn these documents because gov't could get upset and could send demons to mark you because of this outright act of defiance. Prophecy from half a millenium ago describes Final Judgement like this: Jesus was very upset with people who had little boards (plastic cards) in their hands because they wanted discount from the antichrist. Give to charity in the name of Archangel Michael; he rescues people from temporary hell twice a year [at midnight between September 18 and September 19 and similarly on November 20-21; pray at these times on your knees remembering the deceased by names (adding ""and relatives by flesh up to Adam"") so that they are rescued if they're in hell] (or brings them up a level, that is, to a level with less punishment; eventually, people are freed). Feed the pigeons; when pigeons bow down, people are saved from temporary hell. It's a big sin to remember the dead with wreaths (because demons put these wreaths on their necks if they're in hell with their hands tied up behind their back while hanging by their hands), meat, alcohol, sweets, and worldly music. Demons print icons on saints in newspapers so that you throw these newspapers in the trash blaspheming these saints. Crosses on soles of shoes and back of pants are blasphemy. Demons make carpets with crosses and put them on sidewalks so that people walk on crosses. Playing cards mock how Jesus suffered on the cross: clubs (cross on which Jesus was crucified), diamonds (four nails Jesus was crucified with), hearts (sponge with vinegar that Jesus was given to drink), spades (spear with which Jesus was pierced). Cremation is devil worship; only blasphemers such as Lenin should be burned; if Lenin is buried, earth will be polluted, and China will attack Russia because of this. After China attacks Russia, Ruski Orthodox Tsar (shown by resurrected Seraphim of Sarov) will come to power in Russia; this Tsar will slay traitors inside church and gov't; as a result, Russia will be the only country not under the antichrist. Ecumenism has 263 heresies; each heresy leads to hell. In 2006 in Moscow (that's why Moscow will sink), representatives from most religions signed a document where it says that all religions worship the same Supreme Being [aka the devil]. Priests who participate in ecumenism will have Pagans walking on their heads in hell. Arkhimandrite Antonin Kapustin left a prophecy that John the Baptist's living space will become a church and it will be blessed by forerunner of antichrist; Patriarch Kirill of Russia blessed this church. When priests pray for current gov't (instead of praying for future Tsar), Jesus gets up from His throne and turns His back to them. Forgive me.

,

O veneno e para rato nao pra coelhos, se ele esta bem, nao vomita ou nem fez nada diferente entao ele esta bem, leve ao veterinario e explique que e uma emergencia. N deixar de atender vcs eu acho. Ou entao leve amanha cedo (madrugada abre as 6h da manha ) ao veterinario publico.

,

O efeito √© r√°pido.
Acho que ele n vaI morrer.

,

o Veneno Leva em media de 30 minutos, mas √© recomendado levar ao veterianio,

Aconselho n√£o ter experan√ßas

","
Nao tenho dinheiro para leva lo no veterin√°rio, e quanto tempo demora pro veneno fazer efeito?, estou c medo gosto muito dele
","
Gente meu coelho de. 21 dias comeu um veneno de rato a marca do veneno √© uma vagabunda ja dei leite e clara de ovo, o que Possso fazer mais?
"
0,"
14
","

Vc precisa trabalhar mais a sua autoestima. pessoas bem resolvidas se sentem bem.

,

N√∫mero de pessoas que moram sozinhas quase dobrou nos √∫ltimos ...

www.gazetaonline.com.br ‚Ä∫ noticias ‚Ä∫ Cidades

09/04/2017 - Vem aumentando a popula√ß√£o de idosos e fica mais comum morar ... de 28 anos, decidiu h√° 10 anos que iria viver sozinho em Cariacica.

Aumenta o n√∫mero de pessoas que moram sozinhas no Brasil - Estad√£o

brasil.estadao.com.br/.../geral,aumenta...

02/12/2016 - Aumenta o n√∫mero de pessoas que moram sozinhas no Brasil ... Este crescimento se deu na esteira do envelhecimento da popula√ß√£o. ... eram 50,3% entre as pessoas que vivem em arranjos unipessoais, os homens, 49,7%.

Jornal Nacional - Aumenta o n√∫mero de pessoas que vivem sozinhas ...

g1.globo.com/.../aumenta-o-numero-de-pe...

17/11/2011 - O Rio de Janeiro e o Rio Grande do Sul t√™m a maior fatia da popula√ß√£o vivendo sozinha. Os menores √≠ndices est√£o no Amazonas e no ...

Por que mais brasileiros est√£o morando sozinhos? | EXAME

https://exame.abril.com.br/brasil/por-que-mais-brasileiros-estao-morando-sozinhos/

02/12/2016 - Os idosos s√£o maioria entre os que vivem s√≥: 44,3% deles t√™m 60 anos ou mais. ... a popula√ß√£o idosa vai, de fato, aumentar no Brasil nos pr√≥ximos anos, ... Em 2005, a parcela da popula√ß√£o que vivia sozinha era maioria na ...

N√∫mero de pessoas em situa√ß√£o de rua aumenta mais de 150% em 3 ...

agenciabrasil.ebc.com.br/.../numero-de-...

04/06/2017 - Ningu√©m vive na rua porque gosta ou porque quer‚Äù. Edm√≠lson ... Pol√≠tica para a Popula√ß√£o em Situa√ß√£o de Rua ainda n√£o foi implementada no Rio ... ‚ÄúAli, esse cidad√£o volta a criar v√≠nculos e muitas vezes, dali, voa sozinho.

,

esprezada por todos? Gov't is killing you at night with high frequency electricity. Theotokos Virgin Mary gave prayers to ""Schema-nun Antonia"" on how to save aborted babies from hell. If you pray these prayers diligently, aborted babies are released from hell. On each painted nail there are 40 demons. Smoking is censer to the devil. Using foul language calls upon Pagan deities (aka demons); Holy Spirit departs on 7 meters. People who use drugs see demons who cleverly disguise themselves as ghosts and aliens. America will be last country to switch to Euro (antichrist's world currency). Contraceptives = abortion; using contraceptives for 1 year = 5 aborted kids. Miscarriages happen because of high heels; cesarean because of tight pants (second generation cesarean will be infertile). Unbaptized aborted/miscarried/unborn babies burn in hell for 33 and a half years; if pregnant, keep the kid and deliver at home because kids are chipped using IVs and vaccines in hospitals. Dentists and doctors chip patients secretly. Ultrasound leads to mark of the beast; don't do ultrasound, please. Abortion leads to breast cancer; a demon is released from hell for each aborted kid. Dogs can become possessed; don't keep dogs inside you home [Pelageya of Ryazan]. Walmart has technology to administer mark of the beast to those who have cat bacteria in their stomachs; stay away from cats [Afanasiy Sidyachiy]. Next false flag is the Statue of Liberty. Above earth there is ice (hemisphere); when rockets go up they bring ice down from upper sky to lower sky; ice stuck in lower sky will fall on us during Apocalypse. Earth is flat; earth stands on 3 pillars (the Most Holy Trinity); pillars stand on water at zero Kelvin; underneath this ice there is a bubble; and then the abyss. Zodiac is planetary prison of demons; don't believe in horoscopes or you'll exhibit the traits of the trapped demons. Most thoughts and dreams are from demons; demons never do good. Sleep fully clothed; pray the Jesus prayer. Pray to your guardian angel to have normal sleep. Vyacheslav Krasheninnikov was the last prophet before Apostle John (who wrote the Book of Revelation), Enoch, Elijah, resurrected Seraphim of Sarov, and resurrected Sergius of Radonezh will preach against the antichrist. Humans were created about 7525 years ago. Birds participate in time creation. It's a sin to kill birds. Dinosaurs live under our level; they will get out through sinkholes and lakes; to kill them, go for their nerves. Save the birds; but kill the dinosaurs. First dinosaur will come out of Volga River in Russia. Scientists don't see dinosaurs under our level because of radiation. Sinkholes happen because people dig for resources underground and because earth is heating up. Demons grow human skin (from a sample taken during abduction) and put it on so as to look like us. Demons will invite people to be healed inside their UFOs; those who go will be like zombies after. Gov't provides demons with diamonds and allows demons to abduct people. If you're being abducted, slowly pray the Jesus prayer. Don't panic. Demons use diamonds and souls to power their UFO craft. The bigger the diamond, the more it lasts. Demons have 4 UFO bases: 1)moon 2)inside fake mountain Kailash in Tibet 3)in lake Baikal in Russia 4)in Atlantis which is underneath the Mariana Trench in Pacific Ocean. There are no aliens. Nobody lives on other planets. Airplanes that go down are hit by demons because they need the airspace to fight Jesus. Antichrist is pale with red eyes. He's possessed by Satan since he's 12 years old [Lavrentiy Chernigovskiy]. He flies super fast; deceived people will say: ""Christ is here; Christ is there"" when he's flying from one city to the next very fast. He wears gloves to hide long nails. He's surrounded by demons who appear as angels of light. Antichrist will trick people that he can do mountain moving and resurrection using holograms; fire from the sky is real because of pollution gases in the atmosphere. Antichrist will have food only for 6 months; then he will feed his 666ed people flour from mashed up turtles (Tavrion Batozskiy), but this won't be enough because 666ed people are 10 times as angry and 7 times as hungry as normal people even though 666ed people became shorter (3-4 feet tall = 80 - 120 cm) because nanochips do function of organs (organs diminish) [Nilus Myrrhgusher]. If you have a lot of nanochips in your forearm, then you will not be able to make proper Orthodox sign of the cross (last mercy for you will be to cut your forearm off). Nanochips are sprayed by the gov't using chemtrails; they're also in gov't food and medicine; so, eat food from your own garden. In case garden is destroyed by ice from the sky, have chickens for eggs and goats for milk (Paisios). Lipstick contains cells of aborted fetuses, dog fat, and placenta; human flesh is in McDonalds, Pepsi, toothpaste, antiaging, anticancer, vaccines, perfume, etc.; that's why you should not be using anything that modern society has to offer. You're better off hiding within a 10-12 people group in order to escape Apocalypse. During Apocalypse, Chrtistians will eat dirt from under pussywillowtree as it's filled with tears of Theotokos Virgin Mary; this water will flee if a 666ed person tries to get it. Barcode is Druid black magic curse; QRcode is Mayan curse; when food is scanned, it becomes dead because laser is a substance from demons. Don't go into a UFO to be healed by demons. Green 666 is given by isotope rays on wrist or forehead when people stretch hands to receive small plastic grey card with no name on it (World Passport). It doesn't just have to be during this procedure (could be anything you sign up for or anywhere where there is a secret scanner); biometrics (fingerprints, eyes scan) or getting picture for passport are very dangerous because they could mark you secretly. Gabriel Urgebadze said that they do it on index finger when they scan your finger. Basically, try to avoid new documents at all cost. Police will microchip and isotope ray people on highways. Chipped people will be influenced by computers to take grey plastic card; but when they do, green mark by isotope rays is given on forehead/wrist. Food stores will isotope ray people too. Antichrist will also release prisoners to mark people. Reject 666 at all cost because it leads to permanent hell. If you're about to be marked, pray the Jesus prayer. Hide with Orthodox Christians to escape 666; leave all electronics behind so that antichrist's minions can't track you; burn documents because they're from Satan. The Most Holy Trinity gives you a name during baptism; devil gives an antiname during antibaptism (ex. Social Security Number). People who die with these Satanic documents go to concentration camp in hell to await Final Judgement; once the BEAST Computer is burned down, souls will be released for Final Judgement. That's why you should give back documents of your deceased relatives back to the gov't so that the gov't cancels these digital antichristian names given during antibaptism by the beast system; or just burn these documents because gov't could get upset and could send demons to mark you because of this outright act of defiance. Prophecy from half a millenium ago describes Final Judgement like this: Jesus was very upset with people who had little boards (plastic cards) in their hands because they wanted discount from the antichrist. Give to charity in the name of Archangel Michael; he rescues people from temporary hell twice a year [at midnight between September 18 and September 19 and similarly on November 20-21; pray at these times on your knees remembering the deceased by names (adding ""and relatives by flesh up to Adam"") so that they are rescued if they're in hell] (or brings them up a level, that is, to a level with less punishment; eventually, people are freed). Feed the pigeons; when pigeons bow down, people are saved from temporary hell. It's a big sin to remember the dead with wreaths (because demons put these wreaths on their necks if they're in hell with their hands tied up behind their back while hanging by their hands), meat, alcohol, sweets, and worldly music. Demons print icons on saints in newspapers so that you throw these newspapers in the trash blaspheming these saints. Crosses on soles of shoes and back of pants are blasphemy. Demons make carpets with crosses and put them on sidewalks so that people walk on crosses. Playing cards mock how Jesus suffered on the cross: clubs (cross on which Jesus was crucified), diamonds (four nails Jesus was crucified with), hearts (sponge with vinegar that Jesus was given to drink), spades (spear with which Jesus was pierced). Cremation is devil worship; only blasphemers such as Lenin should be burned; if Lenin is buried, earth will be polluted, and China will attack Russia because of this. After China attacks Russia, Ruski Orthodox Tsar (shown by resurrected Seraphim of Sarov) will come to power in Russia; this Tsar will slay traitors inside church and gov't; as a result, Russia will be the only country not under the antichrist. Ecumenism has 263 heresies; each heresy leads to hell. In 2006 in Moscow (that's why Moscow will sink), representatives from most religions signed a document where it says that all religions worship the same Supreme Being [aka the devil]. Priests who participate in ecumenism will have Pagans walking on their heads in hell. Arkhimandrite Antonin Kapustin left a prophecy that John the Baptist's living space will become a church and it will be blessed by forerunner of antichrist; Patriarch Kirill of Russia blessed this church. When priests pray for current gov't (instead of praying for future Tsar), Jesus gets up from His throne and turns His back to them. Forgive me.

,

Seja legal com as pessoas, e elas ser√£o legais com voc√™. Caso isso n√£o aconte√ßa, provavelmente n√£o vale a pena ficar muito perto de quem n√£o te valoriza. Por√©m, se voc√™ acha que ningu√©m, absolutamente ningu√©m mesmo, te valoriza, ent√£o √© preciso que voc√™ avalie se isso n√£o √© coisa da sua cabe√ßa.


Converse com um bom psic√≥logo ou um amigo realmente s√°bio (ou√ßa mais de uma opini√£o). √Äs vezes nos sentimos desprezados, mas boa parte das vezes isso n√£o condiz com a realidade. No mais, fique firme, que as coisas v√£o melhorar, com certeza.

,

S√≥ desprezar as mesmas pessoas que est√£o lhe desprezando e arrumar novas amizades..

,

JFJ

,

Tente pensar s√≥ em vc ent√£o, e ser√° feliz

,

Ol√°.


A parti desse momento tu
erga tua cabe√ßa e diga pra ti, que sozinha tu n√£o quer e nem precisa ficar, pois o mundo tem 7 bilh√µes de pessoas, e que tu tem condi√ß√µes de fazer tuas escolhas.

,

Vc n√£o √© fique tranquila

,

mande todos irem se lascar!

","
","
Me sinto desprezada por todos?
"
0,"
5
","

Selma, deixa a coelhinha no lugar que ELA escolheu para ter os filhotes. Nesse momento e importante que ela fique com eles onde esta. Se esta tudo bem, e nao correm risco entao esta tudo certo. Depois mais pra frente vc ve o que vai fazer.

,

e caixa de papel√£o? Gov't is killing you at night with high frequency electricity. Theotokos Virgin Mary gave prayers to ""Schema-nun Antonia"" on how to save aborted babies from hell. If you pray these prayers diligently, aborted babies are released from hell. On each painted nail there are 40 demons. Smoking is censer to the devil. Using foul language calls upon Pagan deities (aka demons); Holy Spirit departs on 7 meters. People who use drugs see demons who cleverly disguise themselves as ghosts and aliens. America will be last country to switch to Euro (antichrist's world currency). Contraceptives = abortion; using contraceptives for 1 year = 5 aborted kids. Miscarriages happen because of high heels; cesarean because of tight pants (second generation cesarean will be infertile). Unbaptized aborted/miscarried/unborn babies burn in hell for 33 and a half years; if pregnant, keep the kid and deliver at home because kids are chipped using IVs and vaccines in hospitals. Dentists and doctors chip patients secretly. Ultrasound leads to mark of the beast; don't do ultrasound, please. Abortion leads to breast cancer; a demon is released from hell for each aborted kid. Dogs can become possessed; don't keep dogs inside you home [Pelageya of Ryazan]. Walmart has technology to administer mark of the beast to those who have cat bacteria in their stomachs; stay away from cats [Afanasiy Sidyachiy]. Next false flag is the Statue of Liberty. Above earth there is ice (hemisphere); when rockets go up they bring ice down from upper sky to lower sky; ice stuck in lower sky will fall on us during Apocalypse. Earth is flat; earth stands on 3 pillars (the Most Holy Trinity); pillars stand on water at zero Kelvin; underneath this ice there is a bubble; and then the abyss. Zodiac is planetary prison of demons; don't believe in horoscopes or you'll exhibit the traits of the trapped demons. Most thoughts and dreams are from demons; demons never do good. Sleep fully clothed; pray the Jesus prayer. Pray to your guardian angel to have normal sleep. Vyacheslav Krasheninnikov was the last prophet before Apostle John (who wrote the Book of Revelation), Enoch, Elijah, resurrected Seraphim of Sarov, and resurrected Sergius of Radonezh will preach against the antichrist. Humans were created about 7525 years ago. Birds participate in time creation. It's a sin to kill birds. Dinosaurs live under our level; they will get out through sinkholes and lakes; to kill them, go for their nerves. Save the birds; but kill the dinosaurs. First dinosaur will come out of Volga River in Russia. Scientists don't see dinosaurs under our level because of radiation. Sinkholes happen because people dig for resources underground and because earth is heating up. Demons grow human skin (from a sample taken during abduction) and put it on so as to look like us. Demons will invite people to be healed inside their UFOs; those who go will be like zombies after. Gov't provides demons with diamonds and allows demons to abduct people. If you're being abducted, slowly pray the Jesus prayer. Don't panic. Demons use diamonds and souls to power their UFO craft. The bigger the diamond, the more it lasts. Demons have 4 UFO bases: 1)moon 2)inside fake mountain Kailash in Tibet 3)in lake Baikal in Russia 4)in Atlantis which is underneath the Mariana Trench in Pacific Ocean. There are no aliens. Nobody lives on other planets. Airplanes that go down are hit by demons because they need the airspace to fight Jesus. Antichrist is pale with red eyes. He's possessed by Satan since he's 12 years old [Lavrentiy Chernigovskiy]. He flies super fast; deceived people will say: ""Christ is here; Christ is there"" when he's flying from one city to the next very fast. He wears gloves to hide long nails. He's surrounded by demons who appear as angels of light. Antichrist will trick people that he can do mountain moving and resurrection using holograms; fire from the sky is real because of pollution gases in the atmosphere. Antichrist will have food only for 6 months; then he will feed his 666ed people flour from mashed up turtles (Tavrion Batozskiy), but this won't be enough because 666ed people are 10 times as angry and 7 times as hungry as normal people even though 666ed people became shorter (3-4 feet tall = 80 - 120 cm) because nanochips do function of organs (organs diminish) [Nilus Myrrhgusher]. If you have a lot of nanochips in your forearm, then you will not be able to make proper Orthodox sign of the cross (last mercy for you will be to cut your forearm off). Nanochips are sprayed by the gov't using chemtrails; they're also in gov't food and medicine; so, eat food from your own garden. In case garden is destroyed by ice from the sky, have chickens for eggs and goats for milk (Paisios). Lipstick contains cells of aborted fetuses, dog fat, and placenta; human flesh is in McDonalds, Pepsi, toothpaste, antiaging, anticancer, vaccines, perfume, etc.; that's why you should not be using anything that modern society has to offer. You're better off hiding within a 10-12 people group in order to escape Apocalypse. During Apocalypse, Chrtistians will eat dirt from under pussywillowtree as it's filled with tears of Theotokos Virgin Mary; this water will flee if a 666ed person tries to get it. Barcode is Druid black magic curse; QRcode is Mayan curse; when food is scanned, it becomes dead because laser is a substance from demons. Don't go into a UFO to be healed by demons. Green 666 is given by isotope rays on wrist or forehead when people stretch hands to receive small plastic grey card with no name on it (World Passport). It doesn't just have to be during this procedure (could be anything you sign up for or anywhere where there is a secret scanner); biometrics (fingerprints, eyes scan) or getting picture for passport are very dangerous because they could mark you secretly. Gabriel Urgebadze said that they do it on index finger when they scan your finger. Basically, try to avoid new documents at all cost. Police will microchip and isotope ray people on highways. Chipped people will be influenced by computers to take grey plastic card; but when they do, green mark by isotope rays is given on forehead/wrist. Food stores will isotope ray people too. Antichrist will also release prisoners to mark people. Reject 666 at all cost because it leads to permanent hell. If you're about to be marked, pray the Jesus prayer. Hide with Orthodox Christians to escape 666; leave all electronics behind so that antichrist's minions can't track you; burn documents because they're from Satan. The Most Holy Trinity gives you a name during baptism; devil gives an antiname during antibaptism (ex. Social Security Number). People who die with these Satanic documents go to concentration camp in hell to await Final Judgement; once the BEAST Computer is burned down, souls will be released for Final Judgement. That's why you should give back documents of your deceased relatives back to the gov't so that the gov't cancels these digital antichristian names given during antibaptism by the beast system; or just burn these documents because gov't could get upset and could send demons to mark you because of this outright act of defiance. Prophecy from half a millenium ago describes Final Judgement like this: Jesus was very upset with people who had little boards (plastic cards) in their hands because they wanted discount from the antichrist. Give to charity in the name of Archangel Michael; he rescues people from temporary hell twice a year [at midnight between September 18 and September 19 and similarly on November 20-21; pray at these times on your knees remembering the deceased by names (adding ""and relatives by flesh up to Adam"") so that they are rescued if they're in hell] (or brings them up a level, that is, to a level with less punishment; eventually, people are freed). Feed the pigeons; when pigeons bow down, people are saved from temporary hell. It's a big sin to remember the dead with wreaths (because demons put these wreaths on their necks if they're in hell with their hands tied up behind their back while hanging by their hands), meat, alcohol, sweets, and worldly music. Demons print icons on saints in newspapers so that you throw these newspapers in the trash blaspheming these saints. Crosses on soles of shoes and back of pants are blasphemy. Demons make carpets with crosses and put them on sidewalks so that people walk on crosses. Playing cards mock how Jesus suffered on the cross: clubs (cross on which Jesus was crucified), diamonds (four nails Jesus was crucified with), hearts (sponge with vinegar that Jesus was given to drink), spades (spear with which Jesus was pierced). Cremation is devil worship; only blasphemers such as Lenin should be burned; if Lenin is buried, earth will be polluted, and China will attack Russia because of this. After China attacks Russia, Ruski Orthodox Tsar (shown by resurrected Seraphim of Sarov) will come to power in Russia; this Tsar will slay traitors inside church and gov't; as a result, Russia will be the only country not under the antichrist. Ecumenism has 263 heresies; each heresy leads to hell. In 2006 in Moscow (that's why Moscow will sink), representatives from most religions signed a document where it says that all religions worship the same Supreme Being [aka the devil]. Priests who participate in ecumenism will have Pagans walking on their heads in hell. Arkhimandrite Antonin Kapustin left a prophecy that John the Baptist's living space will become a church and it will be blessed by forerunner of antichrist; Patriarch Kirill of Russia blessed this church. When priests pray for current gov't (instead of praying for future Tsar), Jesus gets up from His throne and turns His back to them. Forgive me.

,

Se for poss√≠vel n√£o remover, √© melhor.

,

Se onde estiver o ninho for um lugar ruim (frio, √∫mido, perigoso,...) tente pegar os filhotes sem tocar, por baixo, com um paninho. e coloque todo o forro da ninho original no novo ninho. E saiba que o papel√£o vai durar pouco pois ela vai roer bem.

,

amanh√£.

","
","
Pessoal minha coelha criou e eu achei seu ninho hj posso pegar eles e colocar em um ninho feito de caixa de papel√£o?
"
0,"
4
","

Mam√≠feros em geral peidam.

,

√â precisamente ao conhecer seus limites que a filosofia existe.

Eu somente acreditaria em um Deus que soubesse dan√ßar.

,

√â no problema da educa√ß√£o que assenta o grande segredo do aperfei√ßoamento da humanidade.

A natureza n√£o faz nada in√∫til.

","
","
Porquinho da india peida?
"
0,"
5
","

Pode ser os dentes dela que est√£o grande demais

,

Kkklllkk

,

2 PONTOS

ESCOLHA A MELHOR RESPOSTA E GANHE 3 PONTOS

‚òÜ‚îå‚îÄ‚îê„ÄÄ‚îÄ‚îê‚òÜ

‚îÇ‚ñí‚îÇ /‚ñí/

‚îÇ‚ñí‚îÇ/‚ñí/

‚îÇ‚ñí /‚ñí/‚îÄ‚î¨‚îÄ‚îê

‚îÇ‚ñí‚îÇ‚ñí|‚ñí‚îÇ‚ñí‚îÇ

‚îå‚î¥‚îÄ‚î¥‚îÄ‚îê-‚îò‚îÄ‚îò

‚îÇ‚ñí‚îå‚îÄ‚îÄ‚îò‚ñí‚ñí‚ñí‚îÇ

‚îî‚îê‚ñí‚ñí‚ñí‚ñí‚ñí‚ñí‚îå‚îò

‚îî‚îê‚ñí‚ñí‚ñí‚ñí‚îå

,

Aquilo que tornamos capazes de fazer atrav√©s da aprendizagem, aprendemo-lo fazendo-o: √© construindo que nos formamos mestres-de-obra.

Qual seria a sua idade se voc√™ n√£o soubesse quantos anos voc√™ tem? - Confucio

,

Amar √© ter o universo e querer apenas uma pessoa.

Tudo pode desabar, mas o essencial que √© Deus sei que nunca me abandonar√°!

","
","
Minha coelha esta sangrando pela boca e na parede esta com sangue ..poderia me ajudar? Obrigado?
"
0,"
4
","

Que lindo

,

Cuidar para n√£o pisar em cima, rs

,

.

","
","
Quais cuidados eu tenho que ter com esse bichinho?T√¥ afim de comprar um.?
"
0,"
4
","

Mais bonita do que imagina.

,

A mulher invis√≠vel √© linda e encantadora.

,

Que beleza...

","
","
Ela √© bonita?
"
0,"
7
","

Kkkkk

,

Kkll

,

2 PONTOS

ESCOLHA A MELHOR RESPOSTA E GANHE 3 PONTOS

‚òÜ‚îå‚îÄ‚îê„ÄÄ‚îÄ‚îê‚òÜ

‚îÇ‚ñí‚îÇ /‚ñí/

‚îÇ‚ñí‚îÇ/‚ñí/

‚îÇ‚ñí /‚ñí/‚îÄ‚î¨‚îÄ‚îê

‚îÇ‚ñí‚îÇ‚ñí|‚ñí‚îÇ‚ñí‚îÇ

‚îå‚î¥‚îÄ‚î¥‚îÄ‚îê-‚îò‚îÄ‚îò

‚îÇ‚ñí‚îå‚îÄ‚îÄ‚îò‚ñí‚ñí‚ñí‚îÇ

‚îî‚îê‚ñí‚ñí‚ñí‚ñí‚ñí‚ñí‚îå‚îò

‚îî‚îê‚ñí‚ñí‚ñí‚ñí‚îå

,

Ame-a ou deixa-a!

,

SORRY

,

Voc√™ √© jovem, meu filho, e, com o passar dos anos, o tempo vai mudar e at√© mesmo reverter muitas das suas opini√µes presentes. Abstenha-se, portanto, um tempo de configurar-se como um juiz dos maiores assuntos.

As virtudes morais n√£o s√£o produzidas em n√≥s nem pela natureza nem contra a natureza. A natureza, com certeza, prepara em n√≥s o terreno para a recep√ß√£o destas virtudes, mas a sua completa forma√ß√£o √© produto do h√°bito.

,

Se compreenderes o amor de Deus por ti, deixarias de mendigar qualquer amor.

Todas as coisas poss√≠veis de cair sob o conhecimento dos homens seguem-se umas √†s outras da mesma maneira que n√£o pode haver quaisquer t√£o afastadas a que n√£o se chegue por fim, nem t√£o ocultas que n√£o se descubram.

","
","
Ola minha coelha esta sangrando pela Boca e na parede tem sangue..?
"
0,"
7
","

Entre os mais perigosos est√£o as cobras venenosas, os escorpi√µes, os ca√ßadores carn√≠voros como le√µes, lobos,etc. J√° os menos perigosos,acredito que os coelhos fa√ßam parte deste time.

,

Animal- O pessoal ai falou de v√°rias classes, inclusive formiga, por√©m √© inseto. Missa respondeu corretamente. Animais menos perigosos, ai falta uma pergunta complementar: voc√™ quer saber entre os perigosos ou entre aqueles que n√£o s√£o considerados perigosos. Depende.

,

Era uma vez, um boi mexicano que era apaixonado por uma vaca que morava do outro lado da cerca. Certo dia, cansado de esperar pelo amor da vaca, o boi pulou a cerca e resolveu se apresentar. - Oi vaquinha linda, como √© o seu nome? Ent√£o a vaca mimosamente respondeu: - Meu nome √© Florisbela, mas pode me chamar s√≥ de bela pois as flores est√£o no ch√£o do campo. E o seu nome, como √©? Ent√£o o boi tristemente respondeu: - Meu nome √© Sacobelo, mas pode me chamar s√≥ de Belo pois meu saco ficou l√° na cerca...

,

n sei

,

mais menos ?

,

mais ou menos?

,

A formiga

","
","
Qual o animal mais menos perigoso ?
"
0,"
12
","

Satanas botando ovos novamente

,

o importante √© ter saude

e Deus te ama

,

√ë achei

,

bonitinho

,

Bonito.

,

Cara voc√™ √© lindo! Deus te ama e n√£o ligue para o que falam de voc√™ :)

,

FEIO

,

ENERGIA SOLAR - INSTALADOR SOLAR DE ALTA PERFORMANCE √© mais que um curso

√â um programa de aperfei√ßoamento cont√≠nuo para instaladores, t√©cnicos e empreendedores que querem entrar ou se aperfei√ßoar no mercado de ENERGIA SOLAR.


Hoje, a energia solar √© uma excelente solu√ß√£o para pessoas ou empresas que procuram economia na conta de energia e o mercado est√° em ascend√™ncia e a procura por profissionais capacitados para realizar instala√ß√µes est√° alta e continuar√° crescendo.


UM CURSO COMPLETO E ACESSO A DIVERSAS PALESTRAS TOTALMENTE DE GRA√áA.

Todas as palestras e semin√°rios que tivemos acesso est√° sendo disponibilizada, totalmente de gra√ßa, como B√¥nus para voc√™. As palestras e semin√°rios fara com que voc√™ alcance a alta performance no mercado de Energia Solar Fotovoltaica. Se voc√™ quer entrar no MERCADO DE ENERGIA SOLAR ESSE √â O CURSO.


Voc√™ poder√° fazer esse curso mesmo que esteja come√ßando do zero veja esse link

https://go.hotmart.com/E6877592T


,

Feio

,

Bonito

","
","
Sou bonito, feio ou horroroso?
"
0,"
7
","

Ah que gra√ßinha, que bonitinho.., qual o nome?

,

oh parece que sim, √© fofinho kkkkk se vc ver que nao se desenvolve leva ele no veterinario, mais por enquanto pra mim parece normal sim!!

,

Acho que sim.

,

T√° sim <3

,

Ola, voc√™ que tem um gatinho pequeno e quer que ele tenha uma vida longa e saud√°vel visite esse link http://bit.ly/gatosaudavel8vidas e fique atento a algumas coisas para cuidar bem do seu bichinho de estima√ß√£o.

Abra√ßo.

,

sim, os meus tem 3 meses e parecem uns ratinhos. ^^

,

estaaaaaaaaaa normal, que lindoooooooooooo ‚ô•

","
","
Ta normal o crescimento dele s√≥ tem 2 meses de vida?
"
0,"
5
","

Tem que dar comidinha pra elas tbm em u.u


Elas gostam de grilos, que tem bastante nectar pra elas tomar.


S√≥ n√£o me vai dar baratas pra elas, porque se n√£o o aqu√°rio vai ficar podre. Voc√™ pode falar pra alguem pegar pra voc√™, pois nao precisa dizer que o com√©rcio desses bichos seria ilegal n√©?.

,

Esse tipo de com√©rcio deve ser proibido pelo IBAMA

,

Uma colet√¢nea de pensamentos deve ser uma farm√°cia onde se encontrem rem√©dios para todos os males.

Em arte, o imposs√≠vel veros√≠mil √© prefer√≠vel ao poss√≠vel n√£o acredit√°vel.

,

√â que esse Brasil √© uma baita ***** de se viver !

Que mal tem criar uma aranha de estima√ß√£o ?

Mas o pior √© que j√° procurei mas n√£o acho essas aranhas em lugar nenhum !

,

O maior castigo para o mentiroso √© n√£o ser acreditado, nem quando fala a verdade.

Rezo a Deus, n√£o pedindo cargas mais leves e sim ombros mais fortes.

","
","
Algu√©m sabe como posso comprar uma aranha tar√¢ntula ou caranguejeira pela internet ???
Quero criar uma j√° comprei um aqu√°rio?
"
0,"
5
","

vaia no hospital urgente meu deus do ceu

,

V√° para o hospital!!!!!

,

Procure um m√©dico alergista!

,

Tem certeza que foi formiga ? Sei n√£o em, se vc come√ßar a soar e ficar tonto corre pro pronto socorro pq pode ter sido aranha ou escorpi√£o.

,

Nada. Vai passar sozinho. Aguente

","
","
Uma formiga grande da preta mordeu minha m√£o depois de alguns minutos come√ßou a inchar todo minha m√£o, oque eu fa√ßo ? me ajudem por favor ?
"
0,"
8
","

m mais avermelhado? Gov't is killing you at night with high frequency electricity. Theotokos Virgin Mary gave prayers to ""Schema-nun Antonia"" on how to save aborted babies from hell. If you pray these prayers diligently, aborted babies are released from hell. On each painted nail there are 40 demons. Smoking is censer to the devil. Using foul language calls upon Pagan deities (aka demons); Holy Spirit departs on 7 meters. People who use drugs see demons who cleverly disguise themselves as ghosts and aliens. America will be last country to switch to Euro (antichrist's world currency). Contraceptives = abortion; using contraceptives for 1 year = 5 aborted kids. Miscarriages happen because of high heels; cesarean because of tight pants (second generation cesarean will be infertile). Unbaptized aborted/miscarried/unborn babies burn in hell for 33 and a half years; if pregnant, keep the kid and deliver at home because kids are chipped using IVs and vaccines in hospitals. Dentists and doctors chip patients secretly. Ultrasound leads to mark of the beast; don't do ultrasound, please. Abortion leads to breast cancer; a demon is released from hell for each aborted kid. Dogs can become possessed; don't keep dogs inside you home [Pelageya of Ryazan]. Walmart has technology to administer mark of the beast to those who have cat bacteria in their stomachs; stay away from cats [Afanasiy Sidyachiy]. Next false flag is the Statue of Liberty. Above earth there is ice (hemisphere); when rockets go up they bring ice down from upper sky to lower sky; ice stuck in lower sky will fall on us during Apocalypse. Earth is flat; earth stands on 3 pillars (the Most Holy Trinity); pillars stand on water at zero Kelvin; underneath this ice there is a bubble; and then the abyss. Zodiac is planetary prison of demons; don't believe in horoscopes or you'll exhibit the traits of the trapped demons. Most thoughts and dreams are from demons; demons never do good. Sleep fully clothed; pray the Jesus prayer. Pray to your guardian angel to have normal sleep. Vyacheslav Krasheninnikov was the last prophet before Apostle John (who wrote the Book of Revelation), Enoch, Elijah, resurrected Seraphim of Sarov, and resurrected Sergius of Radonezh will preach against the antichrist. Humans were created about 7525 years ago. Birds participate in time creation. It's a sin to kill birds. Dinosaurs live under our level; they will get out through sinkholes and lakes; to kill them, go for their nerves. Save the birds; but kill the dinosaurs. First dinosaur will come out of Volga River in Russia. Scientists don't see dinosaurs under our level because of radiation. Sinkholes happen because people dig for resources underground and because earth is heating up. Demons grow human skin (from a sample taken during abduction) and put it on so as to look like us. Demons will invite people to be healed inside their UFOs; those who go will be like zombies after. Gov't provides demons with diamonds and allows demons to abduct people. If you're being abducted, slowly pray the Jesus prayer. Don't panic. Demons use diamonds and souls to power their UFO craft. The bigger the diamond, the more it lasts. Demons have 4 UFO bases: 1)moon 2)inside fake mountain Kailash in Tibet 3)in lake Baikal in Russia 4)in Atlantis which is underneath the Mariana Trench in Pacific Ocean. There are no aliens. Nobody lives on other planets. Airplanes that go down are hit by demons because they need the airspace to fight Jesus. Antichrist is pale with red eyes. He's possessed by Satan since he's 12 years old [Lavrentiy Chernigovskiy]. He flies super fast; deceived people will say: ""Christ is here; Christ is there"" when he's flying from one city to the next very fast. He wears gloves to hide long nails. He's surrounded by demons who appear as angels of light. Antichrist will trick people that he can do mountain moving and resurrection using holograms; fire from the sky is real because of pollution gases in the atmosphere. Antichrist will have food only for 6 months; then he will feed his 666ed people flour from mashed up turtles (Tavrion Batozskiy), but this won't be enough because 666ed people are 10 times as angry and 7 times as hungry as normal people even though 666ed people became shorter (3-4 feet tall = 80 - 120 cm) because nanochips do function of organs (organs diminish) [Nilus Myrrhgusher]. If you have a lot of nanochips in your forearm, then you will not be able to make proper Orthodox sign of the cross (last mercy for you will be to cut your forearm off). Nanochips are sprayed by the gov't using chemtrails; they're also in gov't food and medicine; so, eat food from your own garden. In case garden is destroyed by ice from the sky, have chickens for eggs and goats for milk (Paisios). Lipstick contains cells of aborted fetuses, dog fat, and placenta; human flesh is in McDonalds, Pepsi, toothpaste, antiaging, anticancer, vaccines, perfume, etc.; that's why you should not be using anything that modern society has to offer. You're better off hiding within a 10-12 people group in order to escape Apocalypse. During Apocalypse, Chrtistians will eat dirt from under pussywillowtree as it's filled with tears of Theotokos Virgin Mary; this water will flee if a 666ed person tries to get it. Barcode is Druid black magic curse; QRcode is Mayan curse; when food is scanned, it becomes dead because laser is a substance from demons. Don't go into a UFO to be healed by demons. Green 666 is given by isotope rays on wrist or forehead when people stretch hands to receive small plastic grey card with no name on it (World Passport). It doesn't just have to be during this procedure (could be anything you sign up for or anywhere where there is a secret scanner); biometrics (fingerprints, eyes scan) or getting picture for passport are very dangerous because they could mark you secretly. Gabriel Urgebadze said that they do it on index finger when they scan your finger. Basically, try to avoid new documents at all cost. Police will microchip and isotope ray people on highways. Chipped people will be influenced by computers to take grey plastic card; but when they do, green mark by isotope rays is given on forehead/wrist. Food stores will isotope ray people too. Antichrist will also release prisoners to mark people. Reject 666 at all cost because it leads to permanent hell. If you're about to be marked, pray the Jesus prayer. Hide with Orthodox Christians to escape 666; leave all electronics behind so that antichrist's minions can't track you; burn documents because they're from Satan. The Most Holy Trinity gives you a name during baptism; devil gives an antiname during antibaptism (ex. Social Security Number). People who die with these Satanic documents go to concentration camp in hell to await Final Judgement; once the BEAST Computer is burned down, souls will be released for Final Judgement. That's why you should give back documents of your deceased relatives back to the gov't so that the gov't cancels these digital antichristian names given during antibaptism by the beast system; or just burn these documents because gov't could get upset and could send demons to mark you because of this outright act of defiance. Prophecy from half a millenium ago describes Final Judgement like this: Jesus was very upset with people who had little boards (plastic cards) in their hands because they wanted discount from the antichrist. Give to charity in the name of Archangel Michael; he rescues people from temporary hell twice a year [at midnight between September 18 and September 19 and similarly on November 20-21; pray at these times on your knees remembering the deceased by names (adding ""and relatives by flesh up to Adam"") so that they are rescued if they're in hell] (or brings them up a level, that is, to a level with less punishment; eventually, people are freed). Feed the pigeons; when pigeons bow down, people are saved from temporary hell. It's a big sin to remember the dead with wreaths (because demons put these wreaths on their necks if they're in hell with their hands tied up behind their back while hanging by their hands), meat, alcohol, sweets, and worldly music. Demons print icons on saints in newspapers so that you throw these newspapers in the trash blaspheming these saints. Crosses on soles of shoes and back of pants are blasphemy. Demons make carpets with crosses and put them on sidewalks so that people walk on crosses. Playing cards mock how Jesus suffered on the cross: clubs (cross on which Jesus was crucified), diamonds (four nails Jesus was crucified with), hearts (sponge with vinegar that Jesus was given to drink), spades (spear with which Jesus was pierced). Cremation is devil worship; only blasphemers such as Lenin should be burned; if Lenin is buried, earth will be polluted, and China will attack Russia because of this. After China attacks Russia, Ruski Orthodox Tsar (shown by resurrected Seraphim of Sarov) will come to power in Russia; this Tsar will slay traitors inside church and gov't; as a result, Russia will be the only country not under the antichrist. Ecumenism has 263 heresies; each heresy leads to hell. In 2006 in Moscow (that's why Moscow will sink), representatives from most religions signed a document where it says that all religions worship the same Supreme Being [aka the devil]. Priests who participate in ecumenism will have Pagans walking on their heads in hell. Arkhimandrite Antonin Kapustin left a prophecy that John the Baptist's living space will become a church and it will be blessed by forerunner of antichrist; Patriarch Kirill of Russia blessed this church. When priests pray for current gov't (instead of praying for future Tsar), Jesus gets up from His throne and turns His back to them. Forgive me.

,

Nao sei, mas se nao e sujeira de bicho ( o que serio uo ne..?
cade a higiene ai?)
n mexe pq tem um ser vivo dentro, deixa nascer.

,

Kkkkkk nossa mais ri kkk coco de rato n√£o √©.

,

Pode ser casulo, ovinho de aranha, coco de lagartixa...

,

Siga as instru√ß√µes da outra resposta, tocar nisso √© perigoso.

,

E bom n√£o tocar e tira as fezes, vc pode pegar uma doen√ßa

,

Que portugu√™s lixo

,

Sou feliz üòÅ

","
, parece mesmo um casulo de algum outro bicho. Algu√©m faz ideia do que podera ser?
","
Encontrei na minha cozinha algo semelhante a coc√≥ de rato, mas oco por dentro e dum tom mais avermelhado?
"
0,"
5
","

Mosca

,

Ja descobri , √© uma mosca belvosia ela tem o tamanho de uma moeda

,

√â da fam√≠lia da 'mosca de banheiro'.

,

Pode ser que seja aquele tipo de mosca que se parece com uma abelha.

,

Me parece uma mosca

","
Alguem sabe que bicho √© esse? Parece abelha sei la, alguem q sabe fala a√≠
","
Algu√©m sabe q inseto √© esse?
"
0,"
10
","

animal humano

,

Os racionais.

,

Se for mulher pode tranzar com o usu√°rio CAVALO, um animal pirokudo e racional.

,

Ol√°


Cachorro- mais tome cuidado, pode ter risco de ficar preso em voc√™.


Cavalo- pode dar v√°rias doen√ßas, mais a decis√£o √© sua.


Boa tarde

,

jumento

,

S√≥ com o homem

,

√âgua mangalarga

,

ü§îü§îüòï
üòíüñïüñï

,

Animais da esp√©cie homo sapiens

,

.

","
","
Quais os animais que eu posso ter rela√ß√µes sexuais ?
"
0,"
4
","

Nao sei

,

Eu j√° vi mas n√£o lembro o nome

,

rfgerte

,

Nunca nem vi

","
","
Estou procurando o nome de um jogo. No jogo vc √© a esp√©cie de um tanque que pode sair de uma esp√©cie de bolha e ir para v√°rias bolhas.?
"
0,"
7
","

Sim, gostaria de ter um gato pra chama lo de Garfield =) üòª

,

eu queria ter uma tarantula, mas acho mancada deixar animais em aquarios ou gaiolas

,

Tinha 3 gatas, a Judite que faleceu com 18 anos, a Zo√©h que faleceu com 7, e ainda tem a Nina que tem 3, tenho 5 cachorro, a Kika, pitchuca, Leci, thuio e tot√≥, 2 passarinhos, e 13 galinhas, e 2 galos. Tinha mais 2 cadelas que faleceram ano passado, a Sofia e a Nirvana.

,

Eu queria ter uns 10 gatos :v pena que n√£o posso >(

,

Gatos, tenho 3.


Belial, Azazel e Lilith.



√â o veneno da lata!

,

Eu tive uma jabuti. Precisei levar ela pro zoo pq √© animal silvestre o Ibama proibe a cria√ß√£o em casa. Seu nome era Catarine.


https://www.lescalaire.ch/cmsFiles/ImgNe...


","
","
Vc que n√£o tem animal de estima√ß√£o:Gostaria de ter um?Qual animal seria?Diz o nome que vc escolheria pr√° ele?
"
"
2
","
5
","

Ol√°


O mais importante, inicialmente, √© saber se h√° Esp√≠ritos, e se, existindo podem eles interagir conosco.

Tendo estabelecido essas ideias como verdade a√≠ passaremos a discutir como se d√£o essas intera√ß√µes.

Poderemos observar que o Esp√≠rito nada tem a ver com religi√£o, e sim, com o pr√≥prio ser humano.


Adianto que voc√™ √© um Esp√≠rito preso num corpo f√≠sico, embora adquira relativa liberdade ao dormir.

Ao morrer o corpo f√≠sico, voc√™ continuar√° sendo Esp√≠rito consciente, afinal, ningu√©m morre, apenas morre a mat√©ria f√≠sica mais densa.


Como v√™, h√° muito para se questionar, estudar e aprender...

,

Nenhuma n√£o existe incorpora√ß√£o, dois corpos n√£o ocupam o mesmo espa√ßo.

,

Evang√©lica

,

Quase todas espiritualistas.

","
","
Qual religi√£o tem incorpora√ß√£o medi√∫nica?
"
0,"
5
","

Em cima da geladeira esquenta. Coloque em cima de uma estante ou arm√°rio.

,

Peixes n√£o toleram varia√ß√µes bruscas de temperatura.

,

Eles podem ficar resfriados, n√©

,

s√≥ se vc por eles dentro da geladeira

,

Frite eles e coma com cuscuz de milho e caldo de feij√£o. √â uma del√≠cia!

","
Minha vizinha viajou por 1 m√™s e pediu pra eu cuidar dos 2 betas dela, e como tenho 2 cachorros que querem pegar os peixes, coloquei os aquarios em cima da geladeira
","
Faz mal deixar peixes em cima da geladeira?
"
0,"
4
","

Depende do local.

,

15 reais.

,

35 por a√≠

","
","
Quanto custa um quilo de fil√© de lambari?
"
0,"
4
","

Depende do ponto de vista.

A √°gua n√£o √© desperdi√ßada. Mas, √© desperdi√ßado o potencial que essa √°gua teria
para uso humano. Por exemplo, poderia ser usada para gerar energia, antes de chegar ao mar.

,

Tecnicamente, n√£o! A √°guas dos oceanos tamb√©m faz parte do ciclo da √°gua, logo aquela √°gua do rio que desaguou no mar volta para ele de novo, de alguma forma, mas volta.

,

sim

,

H√£?

","
A √°gua doce dos rios que desaguam no mar √© desperdi√ßada?
","
Os rios de √°gua doce.?
"
0,"
23
","

Claro,en√©as,jailson mendes,tony ramos,

,

N√£o, amigo. N√£o existem ursos na natureza brasileira.

,

Que eu saiba s√≥ no zool√≥gico de SP. Mas n√£o sei se ainda o urso esta vivo.

,

Ursinho Michel Temer.

,

N√£o h√° ursos no Brasil mas √© poss√≠vel v√™-los no Pa√≠s apenas em zool√≥gicos

,

Nativo do Brasil n√£o, da pr√≥xima pesquise no Google. Boa sorte

,

Existe sim. Nunca foi no zool√≥gico de SP?

,

Sim. Procura ursos pelados no google imagens

,

Sim, o Ja√≠lson Mendes.

","
","
Existe urso no Brasil ?
"
0,"
6
","

Luan

,

Que tal: Patrick, Mel, Bob, J√∫nior, Henrique, Bella ou Allfred Clouver : )

,

Elton

,

Fuba

,

stalin

","
Pode ser nome masculino ou feminino !
","
Qual nome coloco no meu hamster ?
"
0,"
4
","

Parece argentino

,

N√£o


Nem de cara nem de cor

,

Parece BOIviano

","
","
O galera, eu pare√ßo boliviano?
"
0,"
11
","

Muito bonito

,

voc√™ n√£o √© feio e nem taao bonito.

mas te daria um 8

,

Normal

,

Mesmo sendo assim pobre e pecador Deus me ama!

Os problemas significativos que enfrentamos n√£o podem ser resolvidos no mesmo n√≠vel de pensamento em que est√°vamos quando os cri√°mos

,

A necessidade emergente propicia uma coliga√ß√£o org√¢nica interdisciplinar para uma pr√°xis de trabalho de grupo, sem prejudicar o atual n√≠vel das contribui√ß√µes, substanciando e vitalizando, como sua premissa indispens√°vel e condicionante, a ado√ß√£o de uma metodologia diferenciada.

Todos caem, mas, apenas os fracos continuam no ch√£o.

,

Feio

,

Esquisito

,

Um jovem normal.

,

Normal.

,

Nem feio nem bonito

","
","
Sou bonito ? Sou feio ? Deem notas e sugestoes para corte de cabelo se nao gostsrem assim kkk?
"
0,"
8
","

porque o c,u deles foi feito pra ***** redondo

,

Pq Deus quis

,

Por que comem coisas saud√°veis.

,

Por causa da alimenta√ß√£o deles.

,

por que n√£o s√£o quadradinhos

,

Por que voc√™ acha que s√£o considerados coelhinhos dos ovos de p√°scoa? S√£o redondos rs..

,

porque eles adoram *****

,

Porque eles cagam piscando o ...

","
","
Porque o coc√¥ dos coelhos saem redondinhos?
"
0,"
5
","

N√£o achei a sua vaquinha

,

voc√™ nasceu pelo ** seu desgra√ßado

,

Kkkk n√£o esquecer que vai ter que banca comida depois

,

Pra hamster?

Aff

","
","
Alguem quer doar no vaquinha online pra mim?
"
0,"
5
","

Somente por mail e com pessoas que 'existam'.

,

Fdg

,

Etorfina?

,

porrete kkkk

,

Bbbb

","
","
S√≥ pra saber, qual o nome do tranquilizante para animais que faz o animal desmaiar?
"
0,"
4
","

nao sei mate ela so pra garantir!

,

.

,

√â PERIGOSA MENINA SAIA DAI MEU DEUS DO CEU VOC√ä N√ÉO SABE O PERIGO MINHA NOSSA SENHORA DE APARECIDA SAIA CORRENDO DA√ç MENINA!!!!! FUJA!!!! V√Å PARA AS COLINAS

,

SIM

","
abri a porta do quarto e vi uma aranha ( PEQUENA TAMANO DE UMA MOEDA DE 5 CENTAVOS POR A√ç ) cor preta e tinha as patinhas pequenas tamb√©m, ela √©
perigosa?
","
√© uma aranha venenosa?
"
0,"
4
","

Porque todas as fotos em P&B parecem que foram retiradas da Deep Web?

,

Pesad√£o

,

Quero

","
","